Xs,Ys,Zs,p
5.95,4.05,27.08,1
Matriz de Rotacion
0.9944925627484974,0.06718106593230685,0.08044406142236303
-0.10480716882888248,0.6374666081885804,0.7633163045596636
0.0,-0.7675435022360271,0.6409968581633252