Xs,Ys,Zs,p
14.5,12.2,15.6,1
Matriz de Rotacion
0.9261930992545813,0.3330759256429772,-0.1767109805594070 
-0.3332382462994757,0.9423762594600381,0.0296522648267700 
0.1764046884196766,0.0314231342036538,0.9838160257590726 
